ชื่อสถานี,ที่ตั้ง,เวลา,ฝนล่าสุด (มม.)
สถานีหน่วยศึกษาการพัฒนาการอนุรักษ์ต้นน้ำแม่สรอย,ต.ป่าสัก อ.วังชิ้น จ.แพร่,14:00,81.0
สถานีตลาดเก่าตะกั่วป่า,ต.โคกเคียน อ.ตะกั่วป่า จ.พังงา,14:00,74.0
สถานีชุมชนแม่ตาลน้อย,ต.เวียงตาล อ.ห้างฉัตร จ.ลำปาง,14:00,71.6
สถานีบ้านคลองบอน,ต.เกาะยาวใหญ่ อ.เกาะยาว จ.พังงา,13:00,67.0
สถานีหน่วยพิทักษ์อุทยานแห่งชาติที่ ขญ.20 (น้ำตกเหวนรก),ต.นาหินลาด อ.ปากพลี จ.นครนายก,14:00,66.8
สถานีทต.หนองบอน,ต.หนองบอน อ.บ่อไร่ จ.ตราด,14:00,66.2
สถานีบ้านหนองนกปีกกา,ต.โป่งแดง อ.เมืองตาก จ.ตาก,13:00,64.5
สถานีบ้านนาส่วง,ต.นาส่วง อ.เดชอุดม จ.อุบลราชธานี,13:00,62.0
สถานีบ้านหนองบอน,ต.หนองบอน อ.บ่อไร่ จ.ตราด,13:00,60.5
สถานีทต.นาส่วง,ต.นาส่วง อ.เดชอุดม จ.อุบลราชธานี,14:00,60.2
